{
  "id0": {
    "A": 0.2551020408163266,
    "B": 0.4591836734693878,
    "C": 0.20408163265306126,
    "D": 0.0816326530612245
  },
  "id1": {
    "A": 0.29411764705882354,
    "B": 0.4117647058823529,
    "C": 0.29411764705882354
  },
  "id2": {
    "A": 0.11111111111111112,
    "B": 0.3333333333333333,
    "C": 0.5555555555555556
  },
  "id3": {
    "A": 0.10526315789473684,
    "B": 0.3157894736842105,
    "C": 0.5789473684210527
  },
  "id4": {
    "A": 0.11111111111111112,
    "B": 0.3333333333333333,
    "C": 0.5555555555555556
  },
  "id5": {
    "A": 0.11111111111111112,
    "B": 0.3333333333333333,
    "C": 0.5555555555555556
  },
  "id6": {
    "A": 0.11111111111111112,
    "B": 0.3333333333333333,
    "C": 0.5555555555555556
  },
  "id7": {
    "A": 0.15789473684210525,
    "B": 0.3684210526315789,
    "C": 0.4736842105263158
  },
  "id8": {
    "A": 0.22222222222222224,
    "B": 0.3333333333333333,
    "C": 0.4444444444444445
  },
  "id9": {
    "A": 0.33333333333333337,
    "B": 0.6666666666666667
  },
  "id10": {
    "A": 0.2631578947368421,
    "B": 0.7368421052631579
  },
  "id11": {
    "A": 0.2631578947368421,
    "B": 0.7368421052631579
  },
  "id12": {
    "A": 0.3125,
    "B": 0.6875
  },
  "id13": {
    "A": 0.052631578947368425,
    "B": 0.2105263157894737,
    "C": 0.7368421052631579
  },
  "id14": {
    "A": 0.11111111111111112,
    "B": 0.888888888888889
  },
  "id15": {
    "A": 0.22222222222222224,
    "B": 0.3333333333333333,
    "C": 0.4444444444444445
  },
  "id16": {
    "A": 0.052631578947368425,
    "B": 0.2631578947368421,
    "C": 0.6842105263157895
  },
  "id17": {
    "A": 0.11111111111111112,
    "B": 0.3333333333333333,
    "C": 0.5555555555555556
  },
  "id18": {
    "A": 0.052631578947368425,
    "B": 0.2631578947368421,
    "C": 0.6842105263157895
  },
  "id19": {
    "A": 0.052631578947368425,
    "B": 0.2631578947368421,
    "C": 0.6842105263157895
  },
  "id20": {
    "A": 0.4444444444444444,
    "B": 0.27777777777777773,
    "C": 0.16666666666666663,
    "D": 0.05555555555555555,
    "E": 0.05555555555555555
  },
  "id21": {
    "A": 0.21052631578947367,
    "B": 0.3157894736842105,
    "C": 0.3157894736842105,
    "D": 0.15789473684210525
  },
  "id22": {
    "A": 0.10526315789473685,
    "B": 0.3157894736842105,
    "C": 0.3157894736842105,
    "D": 0.2631578947368421
  },
  "id23": {
    "A": 0.38888888888888884,
    "B": 0.6111111111111112
  },
  "id24": {
    "A": 0.38888888888888884,
    "B": 0.6111111111111112
  },
  "id25": {
    "A": 0.1,
    "B": 0.3,
    "C": 0.25,
    "D": 0.35
  },
  "id26": {
    "A": 0.3684210526315789,
    "B": 0.2631578947368421,
    "C": 0.3684210526315789
  },
  "id27": {
    "A": 0.2777777777777778,
    "B": 0.3888888888888889,
    "C": 0.33333333333333337
  },
  "id28": {
    "A": 0.33333333333333337,
    "B": 0.6666666666666667
  },
  "id29": {
    "A": 0.020000000000000004,
    "B": 0.08000000000000002,
    "C": 0.25,
    "D": 0.65
  },
  "id30": {
    "A": 0.10526315789473685,
    "B": 0.7368421052631579,
    "C": 0.15789473684210525
  },
  "id31": {
    "A": 0.10526315789473685,
    "B": 0.7368421052631579,
    "C": 0.15789473684210525
  },
  "id32": {
    "A": 0.38888888888888884,
    "B": 0.6111111111111112
  },
  "id33": {
    "A": 0.11111111111111112,
    "B": 0.888888888888889
  },
  "id34": {
    "A": 0.15,
    "B": 0.35,
    "C": 0.25,
    "D": 0.25
  },
  "id35": {
    "A": 0.21052631578947367,
    "B": 0.36842105263157887,
    "C": 0.2631578947368421,
    "D": 0.15789473684210525
  },
  "id36": {
    "A": 0.05,
    "B": 0.25,
    "C": 0.4,
    "D": 0.3
  },
  "id37": {
    "A": 0.21052631578947367,
    "B": 0.36842105263157887,
    "C": 0.2631578947368421,
    "D": 0.15789473684210525
  },
  "id38": {
    "A": 0.052631578947368425,
    "B": 0.2105263157894737,
    "C": 0.4210526315789474,
    "D": 0.3157894736842105
  },
  "id39": {
    "A": 0.1,
    "B": 0.3,
    "C": 0.35,
    "D": 0.25
  },
  "id40": {
    "A": 0.2551020408163266,
    "B": 0.4591836734693878,
    "C": 0.20408163265306126,
    "D": 0.0816326530612245
  },
  "id41": {
    "A": 0.35714285714285715,
    "B": 0.6428571428571429
  },
  "id42": {
    "A": 0.38888888888888884,
    "B": 0.6111111111111112
  },
  "id43": {
    "A": 0.3125,
    "B": 0.6875
  },
  "id44": {
    "A": 0.3125,
    "B": 0.6875
  },
  "id45": {
    "A": 0.2777777777777778,
    "B": 0.3888888888888889,
    "C": 0.22222222222222227,
    "D": 0.11111111111111113
  },
  "id46": {
    "A": 0.1,
    "B": 0.3,
    "C": 0.4,
    "D": 0.2
  },
  "id47": {
    "A": 0.052631578947368425,
    "B": 0.3157894736842105,
    "C": 0.4210526315789474,
    "D": 0.2105263157894737
  },
  "id48": {
    "A": 0.125,
    "B": 0.37499999999999994,
    "C": 0.3125,
    "D": 0.18749999999999997
  },
  "id49": {
    "A": 0.05263157894736842,
    "B": 0.3157894736842105,
    "C": 0.47368421052631576,
    "D": 0.15789473684210525
  },
  "id50": {
    "A": 0.11111111111111112,
    "B": 0.3333333333333333,
    "C": 0.4444444444444445,
    "D": 0.11111111111111112
  },
  "id51": {
    "A": 0.10526315789473684,
    "B": 0.3157894736842105,
    "C": 0.42105263157894735,
    "D": 0.15789473684210525
  },
  "id52": {
    "A": 0.10526315789473684,
    "B": 0.3157894736842105,
    "C": 0.42105263157894735,
    "D": 0.15789473684210525
  },
  "id53": {
    "A": 0.11111111111111112,
    "B": 0.3333333333333333,
    "C": 0.4444444444444445,
    "D": 0.11111111111111112
  },
  "id54": {
    "A": 0.10526315789473684,
    "B": 0.3157894736842105,
    "C": 0.42105263157894735,
    "D": 0.15789473684210525
  },
  "id55": {
    "A": 0.27777777777777773,
    "B": 0.49999999999999994,
    "C": 0.16666666666666666,
    "D": 0.055555555555555546
  },
  "id56": {
    "A": 0.05555555555555556,
    "B": 0.3333333333333333,
    "C": 0.4444444444444445,
    "D": 0.16666666666666666
  },
  "id57": {
    "A": 0.2631578947368421,
    "B": 0.4736842105263158,
    "C": 0.2105263157894737,
    "D": 0.052631578947368425
  },
  "id58": {
    "A": 0.10526315789473684,
    "B": 0.3157894736842105,
    "C": 0.42105263157894735,
    "D": 0.15789473684210525
  },
  "id59": {
    "A": 0.10526315789473684,
    "B": 0.3157894736842105,
    "C": 0.42105263157894735,
    "D": 0.15789473684210525
  },
  "id60": {
    "A": 0.2631578947368421,
    "B": 0.4736842105263158,
    "C": 0.2105263157894737,
    "D": 0.052631578947368425
  },
  "id61": {
    "A": 0.2631578947368421,
    "B": 0.4736842105263158,
    "C": 0.2105263157894737,
    "D": 0.052631578947368425
  },
  "id62": {
    "A": 0.25,
    "B": 0.55,
    "C": 0.15,
    "D": 0.05
  },
  "id63": {
    "A": 0.65,
    "B": 0.25,
    "C": 0.1
  },
  "id64": {
    "A": 0.02,
    "B": 0.05,
    "C": 0.25,
    "D": 0.68
  },
  "id65": {
    "A": 0.5333333333333333,
    "B": 0.4666666666666666
  },
  "id66": {
    "A": 0.12500000000000003,
    "B": 0.875
  },
  "id67": {
    "A": 0.5333333333333333,
    "B": 0.4666666666666666
  },
  "id68": {
    "A": 0.10526315789473685,
    "B": 0.8947368421052632
  },
  "id69": {
    "A": 0.10526315789473685,
    "B": 0.8947368421052632
  },
  "id70": {
    "A": 0.05154639175257732,
    "B": 0.9484536082474226
  },
  "id71": {
    "A": 0.33333333333333337,
    "B": 0.6666666666666667
  },
  "id72": {
    "A": 0.2777777777777778,
    "B": 0.7222222222222222
  },
  "id73": {
    "A": 0.1,
    "B": 0.3,
    "C": 0.4,
    "D": 0.2
  },
  "id74": {
    "A": 0.1,
    "B": 0.3,
    "C": 0.4,
    "D": 0.2
  },
  "id75": {
    "A": 0.1,
    "B": 0.3,
    "C": 0.4,
    "D": 0.2
  },
  "id76": {
    "A": 0.1,
    "B": 0.3,
    "C": 0.4,
    "D": 0.2
  },
  "id77": {
    "A": 0.05,
    "B": 0.2,
    "C": 0.6,
    "D": 0.15
  }
}