{
  "id0": {
    "A": 0.2631578947368421,
    "B": 0.4736842105263158,
    "C": 0.2105263157894737,
    "D": 0.052631578947368425
  },
  "id1": {
    "A": 0.2631578947368421,
    "B": 0.5263157894736842,
    "C": 0.2105263157894737
  },
  "id2": {
    "A": 0.4210526315789474,
    "B": 0.3157894736842105,
    "C": 0.2631578947368421
  },
  "id3": {
    "A": 0.2631578947368421,
    "B": 0.3684210526315789,
    "C": 0.3684210526315789
  },
  "id4": {
    "A": 0.4210526315789474,
    "B": 0.3157894736842105,
    "C": 0.2631578947368421
  }
}